name,email,password
Deanna Ross,deanna.ross@test.com,deanna123
Robert Mann,robert.mann@test.com,robert123
Joshua Meyer,joshua.meyer@test.com,joshua123
Rachel Sanchez,rachel.sanchez@test.com,rachel123
Curtis Lopez,curtis.lopez@test.com,curtis123
Jonathan Phillips,jonathan.phillips@test.com,jonathan123
Madeline Pace,madeline.pace@test.com,madeline123
Jennifer Moore,jennifer.moore@test.com,jennifer123
Robert Scott,robert.scott@test.com,robert456
Katherine Adkins,katherine.adkins@test.com,katherine123
Shawn Pham,shawn.pham@test.com,shawn123
Nichole Morris,nichole.morris@test.com,nichole123
Charles Walls,charles.walls@test.com,charles123
Matthew Cohen,matthew.cohen@test.com,matthew123
Kyle Green,kyle.green@test.com,kyle123
Shirley Richard,shirley.richard@test.com,shirley123
Teresa Gill,teresa.gill@test.com,teresa123
Brittany Delacruz,brittany.delacruz@test.com,brittany123
Jason Allen,jason.allen@test.com,jason123
Amanda Bradley,amanda.bradley@test.com,amanda123